,links,titles,texts,timestamp
0,https://news.google.com/rss/articles/CBMiQmh0dHBzOi8vd3d3Lmluc3RhZ3JhbS5jb20vZnJpZW5kc29mdGhlZXZlcmdsYWRlcy9yZWVsL0M3a2UyczVPSFlsL9IBAA?oc=5,Friends of the Everglades | üé• Watch as these fourth grade students from Miami Beach fall in love with the Everglades ... - Instagram,"<a href=""https://news.google.com/rss/articles/CBMiQmh0dHBzOi8vd3d3Lmluc3RhZ3JhbS5jb20vZnJpZW5kc29mdGhlZXZlcmdsYWRlcy9yZWVsL0M3a2UyczVPSFlsL9IBAA?oc=5"" target=""_blank"">Friends of the Everglades | üé• Watch as these fourth grade students from Miami Beach fall in love with the Everglades ...</a>&nbsp;&nbsp;<font color=""#6f6f6f"">Instagram</font>",29 May 2024 19:41:00
1,https://news.google.com/rss/articles/CBMiKGh0dHBzOi8vd3d3Lmluc3RhZ3JhbS5jb20vcC9DcHg3Z2txcDJTOS_SAQA?oc=5,"365 Things Austin on Instagram: ""‚ö†Ô∏è‚ò£Ô∏è DOG OWNERS: The toxic blue-green algae is back at Red Bud and Jessica ... - Instagram","<a href=""https://news.google.com/rss/articles/CBMiKGh0dHBzOi8vd3d3Lmluc3RhZ3JhbS5jb20vcC9DcHg3Z2txcDJTOS_SAQA?oc=5"" target=""_blank"">365 Things Austin on Instagram: ""‚ö†Ô∏è‚ò£Ô∏è DOG OWNERS: The toxic blue-green algae is back at Red Bud and Jessica ...</a>&nbsp;&nbsp;<font color=""#6f6f6f"">Instagram</font>",14 Mar 2023 07:00:00
2,https://news.google.com/rss/articles/CBMiOGh0dHBzOi8vd3d3Lmluc3RhZ3JhbS5jb20vbXVsdG5vbWFoY291bnR5L3AvQ3YtdGdQdHBsbU4v0gEA?oc=5,"Multnomah County on Instagram: ""ALERT: Toxic algae has been detected on the Willamette River in Portland and ... - Instagram","<a href=""https://news.google.com/rss/articles/CBMiOGh0dHBzOi8vd3d3Lmluc3RhZ3JhbS5jb20vbXVsdG5vbWFoY291bnR5L3AvQ3YtdGdQdHBsbU4v0gEA?oc=5"" target=""_blank"">Multnomah County on Instagram: ""ALERT: Toxic algae has been detected on the Willamette River in Portland and ...</a>&nbsp;&nbsp;<font color=""#6f6f6f"">Instagram</font>",15 Aug 2023 07:00:00
3,https://news.google.com/rss/articles/CBMiPGh0dHBzOi8vd3d3Lmluc3RhZ3JhbS5jb20vbWFyaW5lbWFtbWFsY2FyZS9yZWVsL0N3ZFIwQy1oVG9XL9IBAA?oc=5,"Marine Mammal Care Center on Instagram: ""üì∫Ô∏è CNN: Sea Lions Sickened by Toxic Algae Breakout Released Back ... - Instagram","<a href=""https://news.google.com/rss/articles/CBMiPGh0dHBzOi8vd3d3Lmluc3RhZ3JhbS5jb20vbWFyaW5lbWFtbWFsY2FyZS9yZWVsL0N3ZFIwQy1oVG9XL9IBAA?oc=5"" target=""_blank"">Marine Mammal Care Center on Instagram: ""üì∫Ô∏è CNN: Sea Lions Sickened by Toxic Algae Breakout Released Back ...</a>&nbsp;&nbsp;<font color=""#6f6f6f"">Instagram</font>",27 Aug 2023 07:00:00
4,https://news.google.com/rss/articles/CBMiOmh0dHBzOi8vd3d3Lmluc3RhZ3JhbS5jb20va2luZ2NvdW50eWRucnAvcmVlbC9DdXA4RnRpZ0pVaC_SAQA?oc=5,King County DNRP | Our scientists test water at 26 lake beaches for bacteria and toxic algae. You can help keep our ... - Instagram,"<a href=""https://news.google.com/rss/articles/CBMiOmh0dHBzOi8vd3d3Lmluc3RhZ3JhbS5jb20va2luZ2NvdW50eWRucnAvcmVlbC9DdXA4RnRpZ0pVaC_SAQA?oc=5"" target=""_blank"">King County DNRP | Our scientists test water at 26 lake beaches for bacteria and toxic algae. You can help keep our ...</a>&nbsp;&nbsp;<font color=""#6f6f6f"">Instagram</font>",13 Jul 2023 07:00:00
5,https://news.google.com/rss/articles/CBMiPWh0dHBzOi8vd3d3Lmluc3RhZ3JhbS5jb20va2F3YXJ0aGFjb25zZXJ2YXRpb24vcC9DaGlTNjdjTmZ0di_SAQA?oc=5,"KawarthaConservation | Blue-green algae blooms can develop quickly, transforming healthy lakes and rivers into ... - Instagram","<a href=""https://news.google.com/rss/articles/CBMiPWh0dHBzOi8vd3d3Lmluc3RhZ3JhbS5jb20va2F3YXJ0aGFjb25zZXJ2YXRpb24vcC9DaGlTNjdjTmZ0di_SAQA?oc=5"" target=""_blank"">KawarthaConservation | Blue-green algae blooms can develop quickly, transforming healthy lakes and rivers into ...</a>&nbsp;&nbsp;<font color=""#6f6f6f"">Instagram</font>",21 Aug 2022 07:00:00
6,https://news.google.com/rss/articles/CBMiMmh0dHBzOi8vd3d3Lmluc3RhZ3JhbS5jb20vZmx3aWxkZmVkL3AvQzNhZTZQV3ZQejIv0gEA?oc=5,Florida Wildlife Federation | Did you know that the least bittern (Ixobrychus exilis) is the smallest member of the heron ... - Instagram,"<a href=""https://news.google.com/rss/articles/CBMiMmh0dHBzOi8vd3d3Lmluc3RhZ3JhbS5jb20vZmx3aWxkZmVkL3AvQzNhZTZQV3ZQejIv0gEA?oc=5"" target=""_blank"">Florida Wildlife Federation | Did you know that the least bittern (Ixobrychus exilis) is the smallest member of the heron ...</a>&nbsp;&nbsp;<font color=""#6f6f6f"">Instagram</font>",16 Feb 2024 08:00:00
7,https://news.google.com/rss/articles/CBMiN2h0dHBzOi8vd3d3Lmluc3RhZ3JhbS5jb20vYXVzdGludGV4YXNnb3YvcC9Dc3RjQWY2TGtaSi_SAQA?oc=5,City of Austin | Blue-green algae is present on Lady Bird Lake + Lake Austin. ‚ö† Please assume algae may be toxic and ... - Instagram,"<a href=""https://news.google.com/rss/articles/CBMiN2h0dHBzOi8vd3d3Lmluc3RhZ3JhbS5jb20vYXVzdGludGV4YXNnb3YvcC9Dc3RjQWY2TGtaSi_SAQA?oc=5"" target=""_blank"">City of Austin | Blue-green algae is present on Lady Bird Lake + Lake Austin. ‚ö† Please assume algae may be toxic and ...</a>&nbsp;&nbsp;<font color=""#6f6f6f"">Instagram</font>",26 May 2023 07:00:00
8,https://news.google.com/rss/articles/CBMiQmh0dHBzOi8vd3d3Lmluc3RhZ3JhbS5jb20vZnJpZW5kc29mdGhlZXZlcmdsYWRlcy9yZWVsL0M1WW4xUlhzUmVPL9IBAA?oc=5,Friends of the Everglades | This fourth grade class from Howard Drive Elementary School in Miami decorated ... - Instagram,"<a href=""https://news.google.com/rss/articles/CBMiQmh0dHBzOi8vd3d3Lmluc3RhZ3JhbS5jb20vZnJpZW5kc29mdGhlZXZlcmdsYWRlcy9yZWVsL0M1WW4xUlhzUmVPL9IBAA?oc=5"" target=""_blank"">Friends of the Everglades | This fourth grade class from Howard Drive Elementary School in Miami decorated ...</a>&nbsp;&nbsp;<font color=""#6f6f6f"">Instagram</font>",05 Apr 2024 07:00:00
9,https://news.google.com/rss/articles/CBMiQmh0dHBzOi8vd3d3Lmluc3RhZ3JhbS5jb20vZnJpZW5kc29mdGhlZXZlcmdsYWRlcy9yZWVsL0M1MGxNcVZyWTc1L9IBAA?oc=5,Friends of the Everglades | This explainer video will help you get caught up on Lake Okeechobee discharges ‚Äì what ... - Instagram,"<a href=""https://news.google.com/rss/articles/CBMiQmh0dHBzOi8vd3d3Lmluc3RhZ3JhbS5jb20vZnJpZW5kc29mdGhlZXZlcmdsYWRlcy9yZWVsL0M1MGxNcVZyWTc1L9IBAA?oc=5"" target=""_blank"">Friends of the Everglades | This explainer video will help you get caught up on Lake Okeechobee discharges ‚Äì what ...</a>&nbsp;&nbsp;<font color=""#6f6f6f"">Instagram</font>",16 Apr 2024 07:00:00
10,https://news.google.com/rss/articles/CBMiQWh0dHBzOi8vd3d3Lmluc3RhZ3JhbS5jb20vZ2VvcmdpYXdhdGVyY29hbGl0aW9uL3JlZWwvQzZFVVlOQXJ5anov0gEA?oc=5,Georgia Water Coalition | The Coalition's Annual Spring Meeting is happening May 1 at the Alcovy Conservation ... - Instagram,"<a href=""https://news.google.com/rss/articles/CBMiQWh0dHBzOi8vd3d3Lmluc3RhZ3JhbS5jb20vZ2VvcmdpYXdhdGVyY29hbGl0aW9uL3JlZWwvQzZFVVlOQXJ5anov0gEA?oc=5"" target=""_blank"">Georgia Water Coalition | The Coalition's Annual Spring Meeting is happening May 1 at the Alcovy Conservation ...</a>&nbsp;&nbsp;<font color=""#6f6f6f"">Instagram</font>",22 Apr 2024 07:00:00
11,https://news.google.com/rss/articles/CBMiN2h0dHBzOi8vd3d3Lmluc3RhZ3JhbS5jb20vYnBsc2VhZm9vZHMvcmVlbC9DNk5xYm1sb1NFZi_SAQA?oc=5,SEAFOOD IN ABUJA | High toxic algae levels during Red Tide made oysters and shellfish dangerous to eat because ... - Instagram,"<a href=""https://news.google.com/rss/articles/CBMiN2h0dHBzOi8vd3d3Lmluc3RhZ3JhbS5jb20vYnBsc2VhZm9vZHMvcmVlbC9DNk5xYm1sb1NFZi_SAQA?oc=5"" target=""_blank"">SEAFOOD IN ABUJA | High toxic algae levels during Red Tide made oysters and shellfish dangerous to eat because ...</a>&nbsp;&nbsp;<font color=""#6f6f6f"">Instagram</font>",25 Apr 2024 07:00:00
12,https://news.google.com/rss/articles/CBMiNWh0dHBzOi8vd3d3Lmluc3RhZ3JhbS5jb20vbml3YV9zY2llbmNlL3AvQzMzNllQX0sxdmMv0gEA?oc=5,NIWA - Taihoro Nukurangi | Blooming heck. üåø An increase of toxic algae has been noticed in our lakes and rivers this ... - Instagram,"<a href=""https://news.google.com/rss/articles/CBMiNWh0dHBzOi8vd3d3Lmluc3RhZ3JhbS5jb20vbml3YV9zY2llbmNlL3AvQzMzNllQX0sxdmMv0gEA?oc=5"" target=""_blank"">NIWA - Taihoro Nukurangi | Blooming heck. üåø An increase of toxic algae has been noticed in our lakes and rivers this ...</a>&nbsp;&nbsp;<font color=""#6f6f6f"">Instagram</font>",27 Feb 2024 08:00:00
13,https://news.google.com/rss/articles/CBMiPmh0dHBzOi8vd3d3Lmluc3RhZ3JhbS5jb20vZ2VvcmdpYXdhdGVyY29hbGl0aW9uL3AvQzZXYUpmNVJXWEQv0gEA?oc=5,Georgia Water Coalition | The Clean 13 Water Heroes Celebration is tomorrow‚Äìwe'd like to give a BIG THANK YOU to ... - Instagram,"<a href=""https://news.google.com/rss/articles/CBMiPmh0dHBzOi8vd3d3Lmluc3RhZ3JhbS5jb20vZ2VvcmdpYXdhdGVyY29hbGl0aW9uL3AvQzZXYUpmNVJXWEQv0gEA?oc=5"" target=""_blank"">Georgia Water Coalition | The Clean 13 Water Heroes Celebration is tomorrow‚Äìwe'd like to give a BIG THANK YOU to ...</a>&nbsp;&nbsp;<font color=""#6f6f6f"">Instagram</font>",29 Apr 2024 07:00:00
14,https://news.google.com/rss/articles/CBMiPmh0dHBzOi8vd3d3Lmluc3RhZ3JhbS5jb20vZ2VvcmdpYXdhdGVyY29hbGl0aW9uL3AvQzdBY2g1V083VFkv0gEA?oc=5,Georgia Water Coalition | The Wild Heart of Georgia - the Okefenokee National Wildlife Refuge threatened by risky ... - Instagram,"<a href=""https://news.google.com/rss/articles/CBMiPmh0dHBzOi8vd3d3Lmluc3RhZ3JhbS5jb20vZ2VvcmdpYXdhdGVyY29hbGl0aW9uL3AvQzdBY2g1V083VFkv0gEA?oc=5"" target=""_blank"">Georgia Water Coalition | The Wild Heart of Georgia - the Okefenokee National Wildlife Refuge threatened by risky ...</a>&nbsp;&nbsp;<font color=""#6f6f6f"">Instagram</font>",15 May 2024 07:00:00
15,https://news.google.com/rss/articles/CBMiQGh0dHBzOi8vd3d3Lmluc3RhZ3JhbS5jb20vaWRhaG9jb25zZXJ2YXRpb25sZWFndWUvcC9DN21SeS14TzJkay_SAQA?oc=5,Idaho Conservation League | Join us tonight and hear from experts Dr. Amie Parris of the Idaho Department of ... - Instagram,"<a href=""https://news.google.com/rss/articles/CBMiQGh0dHBzOi8vd3d3Lmluc3RhZ3JhbS5jb20vaWRhaG9jb25zZXJ2YXRpb25sZWFndWUvcC9DN21SeS14TzJkay_SAQA?oc=5"" target=""_blank"">Idaho Conservation League | Join us tonight and hear from experts Dr. Amie Parris of the Idaho Department of ...</a>&nbsp;&nbsp;<font color=""#6f6f6f"">Instagram</font>",30 May 2024 15:44:23
16,https://news.google.com/rss/articles/CBMiNmh0dHBzOi8vd3d3Lmluc3RhZ3JhbS5jb20vdmFuZXNzYWZvcmF0eC9wL0M0czZKN2p1N1BCL9IBAA?oc=5,"Vanessa Fuentes | Join your City and County officials, @vanessaforatx, @traviscojudge, and @margaretgomezpct4, for ... - Instagram","<a href=""https://news.google.com/rss/articles/CBMiNmh0dHBzOi8vd3d3Lmluc3RhZ3JhbS5jb20vdmFuZXNzYWZvcmF0eC9wL0M0czZKN2p1N1BCL9IBAA?oc=5"" target=""_blank"">Vanessa Fuentes | Join your City and County officials, @vanessaforatx, @traviscojudge, and @margaretgomezpct4, for ...</a>&nbsp;&nbsp;<font color=""#6f6f6f"">Instagram</font>",19 Mar 2024 07:00:00
17,https://news.google.com/rss/articles/CBMiMmh0dHBzOi8vd3d3Lmluc3RhZ3JhbS5jb20vbGFuZWVpZ2h0L3AvQzJOS1VZMXZPODgv0gEA?oc=5,"LANE EIGHT | Powered by algae. Did you know that our comfy, responsive midsoles are made from algae? In ... - Instagram","<a href=""https://news.google.com/rss/articles/CBMiMmh0dHBzOi8vd3d3Lmluc3RhZ3JhbS5jb20vbGFuZWVpZ2h0L3AvQzJOS1VZMXZPODgv0gEA?oc=5"" target=""_blank"">LANE EIGHT | Powered by algae. Did you know that our comfy, responsive midsoles are made from algae? In ...</a>&nbsp;&nbsp;<font color=""#6f6f6f"">Instagram</font>",17 Jan 2024 08:00:00
18,https://news.google.com/rss/articles/CBMiM2h0dHBzOi8vd3d3Lmluc3RhZ3JhbS5jb20vZW5lcmd5Yml0cy9wL0MyQWh1OHlOY1N6L9IBAA?oc=5,ENERGYbits | Spirulina is a type of blue-green algae that has been used for centuries as a food source and as a ... - Instagram,"<a href=""https://news.google.com/rss/articles/CBMiM2h0dHBzOi8vd3d3Lmluc3RhZ3JhbS5jb20vZW5lcmd5Yml0cy9wL0MyQWh1OHlOY1N6L9IBAA?oc=5"" target=""_blank"">ENERGYbits | Spirulina is a type of blue-green algae that has been used for centuries as a food source and as a ...</a>&nbsp;&nbsp;<font color=""#6f6f6f"">Instagram</font>",12 Jan 2024 08:00:00
19,https://news.google.com/rss/articles/CBMiO2h0dHBzOi8vd3d3Lmluc3RhZ3JhbS5jb20vc2VhdHRsZXBhcmtzYW5kcmVjL3AvQzFJYzBUZG9Cenkv0gEA?oc=5,"Seattle Parks and Recreation on Instagram: ""ALERT! Late-season freshwater algae blooms have been noted in lakes ... - Instagram","<a href=""https://news.google.com/rss/articles/CBMiO2h0dHBzOi8vd3d3Lmluc3RhZ3JhbS5jb20vc2VhdHRsZXBhcmtzYW5kcmVjL3AvQzFJYzBUZG9Cenkv0gEA?oc=5"" target=""_blank"">Seattle Parks and Recreation on Instagram: ""ALERT! Late-season freshwater algae blooms have been noted in lakes ...</a>&nbsp;&nbsp;<font color=""#6f6f6f"">Instagram</font>",21 Dec 2023 08:00:00
20,https://news.google.com/rss/articles/CBMiOWh0dHBzOi8vd3d3Lmluc3RhZ3JhbS5jb20vbWFyaW5lbWFtbWFsY2FyZS9wL0M3VW1xdlJTd0hrL9IBAA?oc=5,"Marine Mammal Care Center | üö® Please spread the word: To report sick, injured or abandoned seals or sea lions in the ... - Instagram","<a href=""https://news.google.com/rss/articles/CBMiOWh0dHBzOi8vd3d3Lmluc3RhZ3JhbS5jb20vbWFyaW5lbWFtbWFsY2FyZS9wL0M3VW1xdlJTd0hrL9IBAA?oc=5"" target=""_blank"">Marine Mammal Care Center | üö® Please spread the word: To report sick, injured or abandoned seals or sea lions in the ...</a>&nbsp;&nbsp;<font color=""#6f6f6f"">Instagram</font>",23 May 2024 07:00:00
21,https://news.google.com/rss/articles/CBMiOWh0dHBzOi8vd3d3Lmluc3RhZ3JhbS5jb20vbWFyaW5lbWFtbWFsY2FyZS9wL0M3WndPZGp2WU5CL9IBAA?oc=5,Marine Mammal Care Center | Happy Spotlight Saturday! Meet Justin from the Georgia Aquarium Pinniped Department ... - Instagram,"<a href=""https://news.google.com/rss/articles/CBMiOWh0dHBzOi8vd3d3Lmluc3RhZ3JhbS5jb20vbWFyaW5lbWFtbWFsY2FyZS9wL0M3WndPZGp2WU5CL9IBAA?oc=5"" target=""_blank"">Marine Mammal Care Center | Happy Spotlight Saturday! Meet Justin from the Georgia Aquarium Pinniped Department ...</a>&nbsp;&nbsp;<font color=""#6f6f6f"">Instagram</font>",25 May 2024 07:00:00
22,https://news.google.com/rss/articles/CBMiPGh0dHBzOi8vd3d3Lmluc3RhZ3JhbS5jb20vbWFyaW5lbWFtbWFsY2FyZS9yZWVsL0M0SldyS0R5TWRqL9IBAA?oc=5,"Marine Mammal Care Center on Instagram: "" Four sea lions return home thanks to you! We're so grateful for the support ... - Instagram","<a href=""https://news.google.com/rss/articles/CBMiPGh0dHBzOi8vd3d3Lmluc3RhZ3JhbS5jb20vbWFyaW5lbWFtbWFsY2FyZS9yZWVsL0M0SldyS0R5TWRqL9IBAA?oc=5"" target=""_blank"">Marine Mammal Care Center on Instagram: "" Four sea lions return home thanks to you! We're so grateful for the support ...</a>&nbsp;&nbsp;<font color=""#6f6f6f"">Instagram</font>",05 Mar 2024 08:00:00
23,https://news.google.com/rss/articles/CBMiO2h0dHBzOi8vd3d3Lmluc3RhZ3JhbS5jb20vY2l0eW9mbGFrZWVsc2lub3JlL3AvQzdlNl9LSnZ2VU8v0gEA?oc=5,City of Lake Elsinore | The City of Lake Elsinore honors all the heroes who sacrificed their lives for our nation‚Äôs freedom ... - Instagram,"<a href=""https://news.google.com/rss/articles/CBMiO2h0dHBzOi8vd3d3Lmluc3RhZ3JhbS5jb20vY2l0eW9mbGFrZWVsc2lub3JlL3AvQzdlNl9LSnZ2VU8v0gEA?oc=5"" target=""_blank"">City of Lake Elsinore | The City of Lake Elsinore honors all the heroes who sacrificed their lives for our nation‚Äôs freedom ...</a>&nbsp;&nbsp;<font color=""#6f6f6f"">Instagram</font>",27 May 2024 19:10:22
24,https://news.google.com/rss/articles/CBMiOWh0dHBzOi8vd3d3Lmluc3RhZ3JhbS5jb20vbGl6a3JldXR6bmV3cy9yZWVsL0NoWjdMZC1JbXMwL9IBAA?oc=5,"Liz Kreutz on Instagram: ""A harmful algae is spreading across the San Francisco Bay, making the water look brown and ... - Instagram","<a href=""https://news.google.com/rss/articles/CBMiOWh0dHBzOi8vd3d3Lmluc3RhZ3JhbS5jb20vbGl6a3JldXR6bmV3cy9yZWVsL0NoWjdMZC1JbXMwL9IBAA?oc=5"" target=""_blank"">Liz Kreutz on Instagram: ""A harmful algae is spreading across the San Francisco Bay, making the water look brown and ...</a>&nbsp;&nbsp;<font color=""#6f6f6f"">Instagram</font>",18 Aug 2022 07:00:00
25,https://news.google.com/rss/articles/CBMiOWh0dHBzOi8vd3d3Lmluc3RhZ3JhbS5jb20vbWFyaW5lbWFtbWFsY2FyZS9wL0MzTExNdUt5NnZwL9IBAA?oc=5,"Marine Mammal Care Center on Instagram: "" Happy Spotlight Saturday! Meet Momo, who was thrilled to learn from our ... - Instagram","<a href=""https://news.google.com/rss/articles/CBMiOWh0dHBzOi8vd3d3Lmluc3RhZ3JhbS5jb20vbWFyaW5lbWFtbWFsY2FyZS9wL0MzTExNdUt5NnZwL9IBAA?oc=5"" target=""_blank"">Marine Mammal Care Center on Instagram: "" Happy Spotlight Saturday! Meet Momo, who was thrilled to learn from our ...</a>&nbsp;&nbsp;<font color=""#6f6f6f"">Instagram</font>",10 Feb 2024 08:00:00
26,https://news.google.com/rss/articles/CBMiOWh0dHBzOi8vd3d3Lmluc3RhZ3JhbS5jb20vbWFyaW5lbWFtbWFsY2FyZS9wL0M1MVZRcjhzQ3drL9IBAA?oc=5,"Marine Mammal Care Center on Instagram: "" Home sweet home! Thank you for your generous support of ocean ... - Instagram","<a href=""https://news.google.com/rss/articles/CBMiOWh0dHBzOi8vd3d3Lmluc3RhZ3JhbS5jb20vbWFyaW5lbWFtbWFsY2FyZS9wL0M1MVZRcjhzQ3drL9IBAA?oc=5"" target=""_blank"">Marine Mammal Care Center on Instagram: "" Home sweet home! Thank you for your generous support of ocean ...</a>&nbsp;&nbsp;<font color=""#6f6f6f"">Instagram</font>",16 Apr 2024 19:00:28
27,https://news.google.com/rss/articles/CBMiMmh0dHBzOi8vd3d3Lmluc3RhZ3JhbS5jb20vZmx3aWxkZmVkL3AvQzVZZU1pUXFfeTEv0gEA?oc=5,"Florida Wildlife Federation | Happy Friday! Don‚Äôt Frog-et, it‚Äôs still #NationalWildlifeWeek! Did you know you can see ... - Instagram","<a href=""https://news.google.com/rss/articles/CBMiMmh0dHBzOi8vd3d3Lmluc3RhZ3JhbS5jb20vZmx3aWxkZmVkL3AvQzVZZU1pUXFfeTEv0gEA?oc=5"" target=""_blank"">Florida Wildlife Federation | Happy Friday! Don‚Äôt Frog-et, it‚Äôs still #NationalWildlifeWeek! Did you know you can see ...</a>&nbsp;&nbsp;<font color=""#6f6f6f"">Instagram</font>",05 Apr 2024 07:00:00
28,https://news.google.com/rss/articles/CBMiOmh0dHBzOi8vd3d3Lmluc3RhZ3JhbS5jb20vYXVzdGludGV4YXNnb3YvcmVlbC9DZmNTRnhFSkREOS_SAQA?oc=5,"City of Austin on Instagram: ""Stay safe this summer + avoid harmful algae in natural bodies of water. City scientists test ... - Instagram","<a href=""https://news.google.com/rss/articles/CBMiOmh0dHBzOi8vd3d3Lmluc3RhZ3JhbS5jb20vYXVzdGludGV4YXNnb3YvcmVlbC9DZmNTRnhFSkREOS_SAQA?oc=5"" target=""_blank"">City of Austin on Instagram: ""Stay safe this summer + avoid harmful algae in natural bodies of water. City scientists test ...</a>&nbsp;&nbsp;<font color=""#6f6f6f"">Instagram</font>",30 Jun 2022 07:00:00
29,https://news.google.com/rss/articles/CBMiMmh0dHBzOi8vd3d3Lmluc3RhZ3JhbS5jb20vc2NjZl9zd2ZsL3AvQzNUbVRTRmdieEEv0gEA?oc=5,Sanibel-Captiva Conservation Foundation | Bad water quality = real problems. Our local Southwest Florida economies ... - Instagram,"<a href=""https://news.google.com/rss/articles/CBMiMmh0dHBzOi8vd3d3Lmluc3RhZ3JhbS5jb20vc2NjZl9zd2ZsL3AvQzNUbVRTRmdieEEv0gEA?oc=5"" target=""_blank"">Sanibel-Captiva Conservation Foundation | Bad water quality = real problems. Our local Southwest Florida economies ...</a>&nbsp;&nbsp;<font color=""#6f6f6f"">Instagram</font>",13 Feb 2024 08:00:00
30,https://news.google.com/rss/articles/CBMiOWh0dHBzOi8vd3d3Lmluc3RhZ3JhbS5jb20vbWFyaW5lbWFtbWFsY2FyZS9wL0M2OWJmY0NTNlhHL9IBAA?oc=5,"Marine Mammal Care Center | üö® Please spread the word: To report sick, injured or abandoned seals or sea lions in the ... - Instagram","<a href=""https://news.google.com/rss/articles/CBMiOWh0dHBzOi8vd3d3Lmluc3RhZ3JhbS5jb20vbWFyaW5lbWFtbWFsY2FyZS9wL0M2OWJmY0NTNlhHL9IBAA?oc=5"" target=""_blank"">Marine Mammal Care Center | üö® Please spread the word: To report sick, injured or abandoned seals or sea lions in the ...</a>&nbsp;&nbsp;<font color=""#6f6f6f"">Instagram</font>",14 May 2024 19:00:14
31,https://news.google.com/rss/articles/CBMiOWh0dHBzOi8vd3d3Lmluc3RhZ3JhbS5jb20vbWFyaW5lbWFtbWFsY2FyZS9wL0M2UnFBSTR5a0RaL9IBAA?oc=5,"Marine Mammal Care Center | ü§© Happy Spotlight Saturday, the last day of Volunteer Appreciation Week, and National ... - Instagram","<a href=""https://news.google.com/rss/articles/CBMiOWh0dHBzOi8vd3d3Lmluc3RhZ3JhbS5jb20vbWFyaW5lbWFtbWFsY2FyZS9wL0M2UnFBSTR5a0RaL9IBAA?oc=5"" target=""_blank"">Marine Mammal Care Center | ü§© Happy Spotlight Saturday, the last day of Volunteer Appreciation Week, and National ...</a>&nbsp;&nbsp;<font color=""#6f6f6f"">Instagram</font>",27 Apr 2024 19:00:27
32,https://news.google.com/rss/articles/CBMiOWh0dHBzOi8vd3d3Lmluc3RhZ3JhbS5jb20vbWFyaW5lbWFtbWFsY2FyZS9wL0MxZld6SWNNQUxqL9IBAA?oc=5,"Marine Mammal Care Center on Instagram: "" Happy Spotlight Saturday! Meet Ken, one of our amazing Education ... - Instagram","<a href=""https://news.google.com/rss/articles/CBMiOWh0dHBzOi8vd3d3Lmluc3RhZ3JhbS5jb20vbWFyaW5lbWFtbWFsY2FyZS9wL0MxZld6SWNNQUxqL9IBAA?oc=5"" target=""_blank"">Marine Mammal Care Center on Instagram: "" Happy Spotlight Saturday! Meet Ken, one of our amazing Education ...</a>&nbsp;&nbsp;<font color=""#6f6f6f"">Instagram</font>",30 Dec 2023 08:00:00
33,https://news.google.com/rss/articles/CBMiPGh0dHBzOi8vd3d3Lmluc3RhZ3JhbS5jb20vbWFyaW5lbWFtbWFsY2FyZS9yZWVsL0MwajBDOU9QLXI5L9IBAA?oc=5,"Marine Mammal Care Center on Instagram: "" Milestone Release Day with Timmi, our 10000th patient who has been ... - Instagram","<a href=""https://news.google.com/rss/articles/CBMiPGh0dHBzOi8vd3d3Lmluc3RhZ3JhbS5jb20vbWFyaW5lbWFtbWFsY2FyZS9yZWVsL0MwajBDOU9QLXI5L9IBAA?oc=5"" target=""_blank"">Marine Mammal Care Center on Instagram: "" Milestone Release Day with Timmi, our 10000th patient who has been ...</a>&nbsp;&nbsp;<font color=""#6f6f6f"">Instagram</font>",07 Dec 2023 08:00:00
34,https://news.google.com/rss/articles/CBMiO2h0dHBzOi8vd3d3Lmluc3RhZ3JhbS5jb20va2l0c2FwcHVibGljaGVhbHRoL3AvQzUxVlB1U3ZRazUv0gEA?oc=5,"Kitsap Public Health District on Instagram: ""Bremerton pharmacist Sherry Whitley encourages her own family members ... - Instagram","<a href=""https://news.google.com/rss/articles/CBMiO2h0dHBzOi8vd3d3Lmluc3RhZ3JhbS5jb20va2l0c2FwcHVibGljaGVhbHRoL3AvQzUxVlB1U3ZRazUv0gEA?oc=5"" target=""_blank"">Kitsap Public Health District on Instagram: ""Bremerton pharmacist Sherry Whitley encourages her own family members ...</a>&nbsp;&nbsp;<font color=""#6f6f6f"">Instagram</font>",16 Apr 2024 07:00:00
35,https://news.google.com/rss/articles/CBMiNGh0dHBzOi8vd3d3Lmluc3RhZ3JhbS5jb20vdGVhbXBkc2EvcmVlbC9DN1RiTk5pdEl3US_SAQA?oc=5,PDSA üêæ | Blue-green algae is extremely dangerous because certain types release toxins which can cause dogs organ ... - Instagram,"<a href=""https://news.google.com/rss/articles/CBMiNGh0dHBzOi8vd3d3Lmluc3RhZ3JhbS5jb20vdGVhbXBkc2EvcmVlbC9DN1RiTk5pdEl3US_SAQA?oc=5"" target=""_blank"">PDSA üêæ | Blue-green algae is extremely dangerous because certain types release toxins which can cause dogs organ ...</a>&nbsp;&nbsp;<font color=""#6f6f6f"">Instagram</font>",23 May 2024 08:01:02
36,https://news.google.com/rss/articles/CBMiR2h0dHBzOi8vd3d3Lmluc3RhZ3JhbS5jb20vcmVlbC9DdVBoelFGTjRwOC8_aWdzaGlkPU5UYzRNVEl3TmpRMllRJTNEJTNE0gEA?oc=5,OC Supervisor Katrina Foley | Today I joined @msnbc‚Äôs Ana Cabrera Reports to warn beach goers & residents about ... - Instagram,"<a href=""https://news.google.com/rss/articles/CBMiR2h0dHBzOi8vd3d3Lmluc3RhZ3JhbS5jb20vcmVlbC9DdVBoelFGTjRwOC8_aWdzaGlkPU5UYzRNVEl3TmpRMllRJTNEJTNE0gEA?oc=5"" target=""_blank"">OC Supervisor Katrina Foley | Today I joined @msnbc‚Äôs Ana Cabrera Reports to warn beach goers & residents about ...</a>&nbsp;&nbsp;<font color=""#6f6f6f"">Instagram</font>",03 Jul 2023 07:00:00
37,https://news.google.com/rss/articles/CBMiRWh0dHBzOi8vd3d3Lmluc3RhZ3JhbS5jb20vY2FkZXBhcnRtZW50b2Z3YXRlcnJlc291cmNlcy9wL0M3cnE2UVVxS3BXL9IBAA?oc=5,"CA Dept. of Water Resources | DWR is proud to join in celebrating LGBTQIA2S+ voices, lives, contributions, and ... - Instagram","<a href=""https://news.google.com/rss/articles/CBMiRWh0dHBzOi8vd3d3Lmluc3RhZ3JhbS5jb20vY2FkZXBhcnRtZW50b2Z3YXRlcnJlc291cmNlcy9wL0M3cnE2UVVxS3BXL9IBAA?oc=5"" target=""_blank"">CA Dept. of Water Resources | DWR is proud to join in celebrating LGBTQIA2S+ voices, lives, contributions, and ...</a>&nbsp;&nbsp;<font color=""#6f6f6f"">Instagram</font>",01 Jun 2024 18:00:06
38,https://news.google.com/rss/articles/CBMiPGh0dHBzOi8vd3d3Lmluc3RhZ3JhbS5jb20vbWFyaW5lbWFtbWFsY2FyZS9yZWVsL0M2V2trZFR1dHhYL9IBAA?oc=5,"Marine Mammal Care Center on Instagram: ""üëÅÔ∏èüëÅÔ∏è Aren't elephant seal eyes the cutest?! Our hospital is extremely ... - Instagram","<a href=""https://news.google.com/rss/articles/CBMiPGh0dHBzOi8vd3d3Lmluc3RhZ3JhbS5jb20vbWFyaW5lbWFtbWFsY2FyZS9yZWVsL0M2V2trZFR1dHhYL9IBAA?oc=5"" target=""_blank"">Marine Mammal Care Center on Instagram: ""üëÅÔ∏èüëÅÔ∏è Aren't elephant seal eyes the cutest?! Our hospital is extremely ...</a>&nbsp;&nbsp;<font color=""#6f6f6f"">Instagram</font>",29 Apr 2024 07:00:00
39,https://news.google.com/rss/articles/CBMiLWh0dHBzOi8vd3d3Lmluc3RhZ3JhbS5jb20va2Nydy9wL0N0ZXUwa3d2YTc0L9IBAA?oc=5,KCRW | Emmy and Grammy winner Danny Elfman is one of the most prolific composers of movies and TV scores of the ... - Instagram,"<a href=""https://news.google.com/rss/articles/CBMiLWh0dHBzOi8vd3d3Lmluc3RhZ3JhbS5jb20va2Nydy9wL0N0ZXUwa3d2YTc0L9IBAA?oc=5"" target=""_blank"">KCRW | Emmy and Grammy winner Danny Elfman is one of the most prolific composers of movies and TV scores of the ...</a>&nbsp;&nbsp;<font color=""#6f6f6f"">Instagram</font>",29 Apr 2024 01:08:06
40,https://news.google.com/rss/articles/CBMiLWh0dHBzOi8vd3d3Lmluc3RhZ3JhbS5jb20va2Nydy9wL0M1Qmt1UGRPOGtjL9IBAA?oc=5,"KCRW | On April 1, California‚Äôs fast food workers will begin earning $20 an hour ‚Äî the highest minimum wage in the ... - Instagram","<a href=""https://news.google.com/rss/articles/CBMiLWh0dHBzOi8vd3d3Lmluc3RhZ3JhbS5jb20va2Nydy9wL0M1Qmt1UGRPOGtjL9IBAA?oc=5"" target=""_blank"">KCRW | On April 1, California‚Äôs fast food workers will begin earning $20 an hour ‚Äî the highest minimum wage in the ...</a>&nbsp;&nbsp;<font color=""#6f6f6f"">Instagram</font>",28 Mar 2024 08:08:37
41,https://news.google.com/rss/articles/CBMiOWh0dHBzOi8vd3d3Lmluc3RhZ3JhbS5jb20vbWFyaW5lbWFtbWFsY2FyZS9wL0M2MTl1QVZQeklSL9IBAA?oc=5,"Marine Mammal Care Center on Instagram: "" Happy Spotlight Saturday! Meet the Cal State University Dominguez Hills ... - Instagram","<a href=""https://news.google.com/rss/articles/CBMiOWh0dHBzOi8vd3d3Lmluc3RhZ3JhbS5jb20vbWFyaW5lbWFtbWFsY2FyZS9wL0M2MTl1QVZQeklSL9IBAA?oc=5"" target=""_blank"">Marine Mammal Care Center on Instagram: "" Happy Spotlight Saturday! Meet the Cal State University Dominguez Hills ...</a>&nbsp;&nbsp;<font color=""#6f6f6f"">Instagram</font>",11 May 2024 07:00:00
42,https://news.google.com/rss/articles/CBMiOWh0dHBzOi8vd3d3Lmluc3RhZ3JhbS5jb20vbWFyaW5lbWFtbWFsY2FyZS9wL0M2clo4cDd5dHp6L9IBAA?oc=5,"Marine Mammal Care Center on Instagram: "" Thank you to our friends at the Port of Long Beach for their support and ... - Instagram","<a href=""https://news.google.com/rss/articles/CBMiOWh0dHBzOi8vd3d3Lmluc3RhZ3JhbS5jb20vbWFyaW5lbWFtbWFsY2FyZS9wL0M2clo4cDd5dHp6L9IBAA?oc=5"" target=""_blank"">Marine Mammal Care Center on Instagram: "" Thank you to our friends at the Port of Long Beach for their support and ...</a>&nbsp;&nbsp;<font color=""#6f6f6f"">Instagram</font>",07 May 2024 19:00:25
43,https://news.google.com/rss/articles/CBMiQ2h0dHBzOi8vd3d3Lmluc3RhZ3JhbS5jb20vaWRhaG9jb25zZXJ2YXRpb25sZWFndWUvcmVlbC9DNzRQeWNXSnlLYS_SAQA?oc=5,Idaho Conservation League | ICL‚Äôs Emerging Leaders for Idaho‚Äôs Environment (ELIE) demonstrates how to make your ... - Instagram,"<a href=""https://news.google.com/rss/articles/CBMiQ2h0dHBzOi8vd3d3Lmluc3RhZ3JhbS5jb20vaWRhaG9jb25zZXJ2YXRpb25sZWFndWUvcmVlbC9DNzRQeWNXSnlLYS_SAQA?oc=5"" target=""_blank"">Idaho Conservation League | ICL‚Äôs Emerging Leaders for Idaho‚Äôs Environment (ELIE) demonstrates how to make your ...</a>&nbsp;&nbsp;<font color=""#6f6f6f"">Instagram</font>",06 Jun 2024 15:13:10
44,https://news.google.com/rss/articles/CBMiOWh0dHBzOi8vd3d3Lmluc3RhZ3JhbS5jb20vbWFyaW5lbWFtbWFsY2FyZS9wL0MyNVBMRW5zU1RpL9IBAA?oc=5,"Marine Mammal Care Center | ü§© Happy Spotlight Saturday! Meet Kate, one of our wonderful education and graphic ... - Instagram","<a href=""https://news.google.com/rss/articles/CBMiOWh0dHBzOi8vd3d3Lmluc3RhZ3JhbS5jb20vbWFyaW5lbWFtbWFsY2FyZS9wL0MyNVBMRW5zU1RpL9IBAA?oc=5"" target=""_blank"">Marine Mammal Care Center | ü§© Happy Spotlight Saturday! Meet Kate, one of our wonderful education and graphic ...</a>&nbsp;&nbsp;<font color=""#6f6f6f"">Instagram</font>",03 Feb 2024 08:00:00
45,https://news.google.com/rss/articles/CBMiP2h0dHBzOi8vd3d3Lmluc3RhZ3JhbS5jb20vZnJpZW5kc29mdGhlZXZlcmdsYWRlcy9wL0N5NFRXY0RNQUUtL9IBAA?oc=5,"Friends of the Everglades | Keep fighting sugar? We've got you, Marjory. Marjory Stoneman Douglas founded Friends ... - Instagram","<a href=""https://news.google.com/rss/articles/CBMiP2h0dHBzOi8vd3d3Lmluc3RhZ3JhbS5jb20vZnJpZW5kc29mdGhlZXZlcmdsYWRlcy9wL0N5NFRXY0RNQUUtL9IBAA?oc=5"" target=""_blank"">Friends of the Everglades | Keep fighting sugar? We've got you, Marjory. Marjory Stoneman Douglas founded Friends ...</a>&nbsp;&nbsp;<font color=""#6f6f6f"">Instagram</font>",26 Oct 2023 07:00:00
46,https://news.google.com/rss/articles/CBMiPGh0dHBzOi8vd3d3Lmluc3RhZ3JhbS5jb20vbWFyaW5lbWFtbWFsY2FyZS9yZWVsL0M0V1pobHF2S1ZqL9IBAA?oc=5,"Marine Mammal Care Center | ü•π I‚Äôm not crying, you‚Äôre crying. Learn about Elmer‚Äôs journey from our team members! PS ... - Instagram","<a href=""https://news.google.com/rss/articles/CBMiPGh0dHBzOi8vd3d3Lmluc3RhZ3JhbS5jb20vbWFyaW5lbWFtbWFsY2FyZS9yZWVsL0M0V1pobHF2S1ZqL9IBAA?oc=5"" target=""_blank"">Marine Mammal Care Center | ü•π I‚Äôm not crying, you‚Äôre crying. Learn about Elmer‚Äôs journey from our team members! PS ...</a>&nbsp;&nbsp;<font color=""#6f6f6f"">Instagram</font>",10 Mar 2024 08:00:00
47,https://news.google.com/rss/articles/CBMiN2h0dHBzOi8vd3d3Lmluc3RhZ3JhbS5jb20vd2lyZWR0b2h1bnQvcmVlbC9DN1NKZ1hYdlhucy_SAQA?oc=5,I learned a lot last week about the multiple water crises down in S. Florida (this vid description is just one part) that are ... - Instagram,"<a href=""https://news.google.com/rss/articles/CBMiN2h0dHBzOi8vd3d3Lmluc3RhZ3JhbS5jb20vd2lyZWR0b2h1bnQvcmVlbC9DN1NKZ1hYdlhucy_SAQA?oc=5"" target=""_blank"">I learned a lot last week about the multiple water crises down in S. Florida (this vid description is just one part) that are ...</a>&nbsp;&nbsp;<font color=""#6f6f6f"">Instagram</font>",22 May 2024 20:07:07
48,https://news.google.com/rss/articles/CBMiK2h0dHBzOi8vd3d3Lmluc3RhZ3JhbS5jb20vcmVlbC9DN1otSHN5c2JVaC_SAQA?oc=5,"CA Dept. of Water Resources | If you and your family are recreating on our waterways, keep in mind that snowmelt can ... - Instagram","<a href=""https://news.google.com/rss/articles/CBMiK2h0dHBzOi8vd3d3Lmluc3RhZ3JhbS5jb20vcmVlbC9DN1otSHN5c2JVaC_SAQA?oc=5"" target=""_blank"">CA Dept. of Water Resources | If you and your family are recreating on our waterways, keep in mind that snowmelt can ...</a>&nbsp;&nbsp;<font color=""#6f6f6f"">Instagram</font>",25 May 2024 21:01:34
49,https://news.google.com/rss/articles/CBMiPGh0dHBzOi8vd3d3Lmluc3RhZ3JhbS5jb20vbWFyaW5lbWFtbWFsY2FyZS9yZWVsL0MwTXFSaS1Qb1U1L9IBAA?oc=5,"Marine Mammal Care Center | GivingTuesday Release! Join us while we release Joy and Holly, two California sea ... - Instagram","<a href=""https://news.google.com/rss/articles/CBMiPGh0dHBzOi8vd3d3Lmluc3RhZ3JhbS5jb20vbWFyaW5lbWFtbWFsY2FyZS9yZWVsL0MwTXFSaS1Qb1U1L9IBAA?oc=5"" target=""_blank"">Marine Mammal Care Center | GivingTuesday Release! Join us while we release Joy and Holly, two California sea ...</a>&nbsp;&nbsp;<font color=""#6f6f6f"">Instagram</font>",28 Nov 2023 08:00:00
50,https://news.google.com/rss/articles/CBMiVGh0dHBzOi8vd3d3Lmluc3RhZ3JhbS5jb20vc29ib2xfYm95bnRvbmJlYWNoL3JlZWwvQzNxRlRYLUFxWkgvP2xvY2FsZT16aF9DTiZobD1hbS1ldNIBAA?oc=5,SoBol Boynton Beach | What is spirulina? It is a blue green algae Why drink it? Its delicious ! And ‚Ä¶. Spirulina Contains ... - Instagram,"<a href=""https://news.google.com/rss/articles/CBMiVGh0dHBzOi8vd3d3Lmluc3RhZ3JhbS5jb20vc29ib2xfYm95bnRvbmJlYWNoL3JlZWwvQzNxRlRYLUFxWkgvP2xvY2FsZT16aF9DTiZobD1hbS1ldNIBAA?oc=5"" target=""_blank"">SoBol Boynton Beach | What is spirulina? It is a blue green algae Why drink it? Its delicious ! And ‚Ä¶. Spirulina Contains ...</a>&nbsp;&nbsp;<font color=""#6f6f6f"">Instagram</font>",22 Feb 2024 08:00:00
51,https://news.google.com/rss/articles/CBMiL2h0dHBzOi8vd3d3Lmluc3RhZ3JhbS5jb20vYWJjN2xhL3AvQldxZ2ZIR2piSngv0gEA?oc=5,"ABC7 Eyewitness News on Instagram: ""A hazardous blue-green algae bloom has prompted the ... - Instagram","<a href=""https://news.google.com/rss/articles/CBMiL2h0dHBzOi8vd3d3Lmluc3RhZ3JhbS5jb20vYWJjN2xhL3AvQldxZ2ZIR2piSngv0gEA?oc=5"" target=""_blank"">ABC7 Eyewitness News on Instagram: ""A hazardous blue-green algae bloom has prompted the ...</a>&nbsp;&nbsp;<font color=""#6f6f6f"">Instagram</font>",29 May 2024 19:47:37
52,https://news.google.com/rss/articles/CBMiOWh0dHBzOi8vd3d3Lmluc3RhZ3JhbS5jb20vbWFyaW5lbWFtbWFsY2FyZS9wL0M2anJpOWhzT0p1L9IBAA?oc=5,"Marine Mammal Care Center | ü§© Happy Spotlight Saturday! Meet Ivy and Kasey, students from Mira Costa who have ... - Instagram","<a href=""https://news.google.com/rss/articles/CBMiOWh0dHBzOi8vd3d3Lmluc3RhZ3JhbS5jb20vbWFyaW5lbWFtbWFsY2FyZS9wL0M2anJpOWhzT0p1L9IBAA?oc=5"" target=""_blank"">Marine Mammal Care Center | ü§© Happy Spotlight Saturday! Meet Ivy and Kasey, students from Mira Costa who have ...</a>&nbsp;&nbsp;<font color=""#6f6f6f"">Instagram</font>",04 May 2024 19:00:16
53,https://news.google.com/rss/articles/CBMiN2h0dHBzOi8vd3d3Lmluc3RhZ3JhbS5jb20vYXVzdGludGV4YXNnb3YvcC9DN3Bld0NmUlN5My_SAQA?oc=5,"City of Austin | ‚ö† Blue-green algae may be present in water bodies throughout Austin. ‚úÖ On June 3, we'll be applying ... - Instagram","<a href=""https://news.google.com/rss/articles/CBMiN2h0dHBzOi8vd3d3Lmluc3RhZ3JhbS5jb20vYXVzdGludGV4YXNnb3YvcC9DN3Bld0NmUlN5My_SAQA?oc=5"" target=""_blank"">City of Austin | ‚ö† Blue-green algae may be present in water bodies throughout Austin. ‚úÖ On June 3, we'll be applying ...</a>&nbsp;&nbsp;<font color=""#6f6f6f"">Instagram</font>",31 May 2024 21:35:18
54,https://news.google.com/rss/articles/CBMiPGh0dHBzOi8vd3d3Lmluc3RhZ3JhbS5jb20vc3BhY2UuZmlsbGVyLmFydC9yZWVsL0NYd1N0cjNsNnM2L9IBAA?oc=5,New critters inspired by blue-green algae #algorithmicart #generativeart #pixelart #graphics #processing ... - Instagram,"<a href=""https://news.google.com/rss/articles/CBMiPGh0dHBzOi8vd3d3Lmluc3RhZ3JhbS5jb20vc3BhY2UuZmlsbGVyLmFydC9yZWVsL0NYd1N0cjNsNnM2L9IBAA?oc=5"" target=""_blank"">New critters inspired by blue-green algae #algorithmicart #generativeart #pixelart #graphics #processing ...</a>&nbsp;&nbsp;<font color=""#6f6f6f"">Instagram</font>",21 Dec 2021 08:00:00
55,https://news.google.com/rss/articles/CBMiOWh0dHBzOi8vd3d3Lmluc3RhZ3JhbS5jb20vbWFyaW5lbWFtbWFsY2FyZS9wL0N6XzNTT2VNU1lIL9IBAA?oc=5,"Marine Mammal Care Center on Instagram: "" From our family to yours, happy Thanksgiving! Here are 5 things we're ... - Instagram","<a href=""https://news.google.com/rss/articles/CBMiOWh0dHBzOi8vd3d3Lmluc3RhZ3JhbS5jb20vbWFyaW5lbWFtbWFsY2FyZS9wL0N6XzNTT2VNU1lIL9IBAA?oc=5"" target=""_blank"">Marine Mammal Care Center on Instagram: "" From our family to yours, happy Thanksgiving! Here are 5 things we're ...</a>&nbsp;&nbsp;<font color=""#6f6f6f"">Instagram</font>",23 Nov 2023 08:00:00
56,https://news.google.com/rss/articles/CBMiRGh0dHBzOi8vd3d3Lmluc3RhZ3JhbS5jb20vZW52aXJvbm1lbnRfY2FudGVyYnVyeS8_bG9jYWxlPXpoX0NOJmhsPWJu0gEA?oc=5,Environment Canterbury (@environment_canterbury) ¬∑ Instagram ÁÖßÁâáÂíåËßÜÈ¢ë - Instagram,"<a href=""https://news.google.com/rss/articles/CBMiRGh0dHBzOi8vd3d3Lmluc3RhZ3JhbS5jb20vZW52aXJvbm1lbnRfY2FudGVyYnVyeS8_bG9jYWxlPXpoX0NOJmhsPWJu0gEA?oc=5"" target=""_blank"">Environment Canterbury (@environment_canterbury) ¬∑ Instagram ÁÖßÁâáÂíåËßÜÈ¢ë</a>&nbsp;&nbsp;<font color=""#6f6f6f"">Instagram</font>",21 May 2024 07:00:00
57,https://news.google.com/rss/articles/CBMiOWh0dHBzOi8vd3d3Lmluc3RhZ3JhbS5jb20vbWFyaW5lbWFtbWFsY2FyZS9wL0M0Z2JFakN2Sll6L9IBAA?oc=5,"Marine Mammal Care Center on Instagram: "" It's Pi Day so it's only fitting that you meet Pie who was rescued this ... - Instagram","<a href=""https://news.google.com/rss/articles/CBMiOWh0dHBzOi8vd3d3Lmluc3RhZ3JhbS5jb20vbWFyaW5lbWFtbWFsY2FyZS9wL0M0Z2JFakN2Sll6L9IBAA?oc=5"" target=""_blank"">Marine Mammal Care Center on Instagram: "" It's Pi Day so it's only fitting that you meet Pie who was rescued this ...</a>&nbsp;&nbsp;<font color=""#6f6f6f"">Instagram</font>",14 Mar 2024 07:00:00
58,https://news.google.com/rss/articles/CBMiOWh0dHBzOi8vd3d3Lmluc3RhZ3JhbS5jb20vbWFyaW5lbWFtbWFsY2FyZS9wL0MzNTZBc1h5eEZJL9IBAA?oc=5,"Marine Mammal Care Center on Instagram: "" The face of a rescued sea lion pup. Meet Pippin, one of our newest (of ... - Instagram","<a href=""https://news.google.com/rss/articles/CBMiOWh0dHBzOi8vd3d3Lmluc3RhZ3JhbS5jb20vbWFyaW5lbWFtbWFsY2FyZS9wL0MzNTZBc1h5eEZJL9IBAA?oc=5"" target=""_blank"">Marine Mammal Care Center on Instagram: "" The face of a rescued sea lion pup. Meet Pippin, one of our newest (of ...</a>&nbsp;&nbsp;<font color=""#6f6f6f"">Instagram</font>",28 Feb 2024 08:00:00
59,https://news.google.com/rss/articles/CBMiNWh0dHBzOi8vd3d3Lmluc3RhZ3JhbS5jb20vdGhlbGl0bGlzdF9fL3AvQ3ZfNDVpd0xYcF8v0gEA?oc=5,"rachel soo thow on Instagram: """"And what will you look for there? The same thing as you. You're angry that the past you ... - Instagram","<a href=""https://news.google.com/rss/articles/CBMiNWh0dHBzOi8vd3d3Lmluc3RhZ3JhbS5jb20vdGhlbGl0bGlzdF9fL3AvQ3ZfNDVpd0xYcF8v0gEA?oc=5"" target=""_blank"">rachel soo thow on Instagram: """"And what will you look for there? The same thing as you. You're angry that the past you ...</a>&nbsp;&nbsp;<font color=""#6f6f6f"">Instagram</font>",16 Aug 2023 07:00:00
60,https://news.google.com/rss/articles/CBMiOWh0dHBzOi8vd3d3Lmluc3RhZ3JhbS5jb20vaW93YXN0YXJ0aW5nbGluZS9wL0M3N2pLY0xNelBpL9IBAA?oc=5,"Iowa Starting Line | If you‚Äôre headed out to any Iowa beaches this weekend, the DNR says you‚Äôre in the clear for ... - Instagram","<a href=""https://news.google.com/rss/articles/CBMiOWh0dHBzOi8vd3d3Lmluc3RhZ3JhbS5jb20vaW93YXN0YXJ0aW5nbGluZS9wL0M3N2pLY0xNelBpL9IBAA?oc=5"" target=""_blank"">Iowa Starting Line | If you‚Äôre headed out to any Iowa beaches this weekend, the DNR says you‚Äôre in the clear for ...</a>&nbsp;&nbsp;<font color=""#6f6f6f"">Instagram</font>",07 Jun 2024 22:00:11
61,https://news.google.com/rss/articles/CBMiKGh0dHBzOi8vd3d3Lmluc3RhZ3JhbS5jb20vcC9DeXdrekl1TEFSUS_SAQA?oc=5,"Friends of the Everglades | River otters are often called the ""playboys"" of the Everglades, according to the National Park ... - Instagram","<a href=""https://news.google.com/rss/articles/CBMiKGh0dHBzOi8vd3d3Lmluc3RhZ3JhbS5jb20vcC9DeXdrekl1TEFSUS_SAQA?oc=5"" target=""_blank"">Friends of the Everglades | River otters are often called the ""playboys"" of the Everglades, according to the National Park ...</a>&nbsp;&nbsp;<font color=""#6f6f6f"">Instagram</font>",23 Oct 2023 07:00:00
62,https://news.google.com/rss/articles/CBMiRWh0dHBzOi8vd3d3Lmluc3RhZ3JhbS5jb20vY2FkZXBhcnRtZW50b2Z3YXRlcnJlc291cmNlcy9wL0M3ekxvb0lLY0lKL9IBAA?oc=5,CA Dept. of Water Resources | Beware of what's lurking beneath your boat - Quagga Mussels! They attach to your boat ... - Instagram,"<a href=""https://news.google.com/rss/articles/CBMiRWh0dHBzOi8vd3d3Lmluc3RhZ3JhbS5jb20vY2FkZXBhcnRtZW50b2Z3YXRlcnJlc291cmNlcy9wL0M3ekxvb0lLY0lKL9IBAA?oc=5"" target=""_blank"">CA Dept. of Water Resources | Beware of what's lurking beneath your boat - Quagga Mussels! They attach to your boat ...</a>&nbsp;&nbsp;<font color=""#6f6f6f"">Instagram</font>",04 Jun 2024 16:00:45
63,https://news.google.com/rss/articles/CBMiPWh0dHBzOi8vd3d3Lmluc3RhZ3JhbS5jb20vZG9nZnJpZW5kbHlhdXN0aW4vcmVlbC9DcDhzZzZscDY1aC_SAQA?oc=5,Dog-Friendly Things To Do in Austin üê∂üçªüçî | send this to everyone you know in ATX ‚ÄºÔ∏è The worst time of the year is ... - Instagram,"<a href=""https://news.google.com/rss/articles/CBMiPWh0dHBzOi8vd3d3Lmluc3RhZ3JhbS5jb20vZG9nZnJpZW5kbHlhdXN0aW4vcmVlbC9DcDhzZzZscDY1aC_SAQA?oc=5"" target=""_blank"">Dog-Friendly Things To Do in Austin üê∂üçªüçî | send this to everyone you know in ATX ‚ÄºÔ∏è The worst time of the year is ...</a>&nbsp;&nbsp;<font color=""#6f6f6f"">Instagram</font>",18 Mar 2023 07:00:00
64,https://news.google.com/rss/articles/CBMiOWh0dHBzOi8vd3d3Lmluc3RhZ3JhbS5jb20vbWFyaW5lbWFtbWFsY2FyZS9wL0NGNUhpdFhuVlpoL9IBAA?oc=5,Marine Mammal Care Center | When this Elephant seal is more photogenic than me ü§£‚Å† üì∏ Vet Tech Megan - Instagram,"<a href=""https://news.google.com/rss/articles/CBMiOWh0dHBzOi8vd3d3Lmluc3RhZ3JhbS5jb20vbWFyaW5lbWFtbWFsY2FyZS9wL0NGNUhpdFhuVlpoL9IBAA?oc=5"" target=""_blank"">Marine Mammal Care Center | When this Elephant seal is more photogenic than me ü§£‚Å† üì∏ Vet Tech Megan</a>&nbsp;&nbsp;<font color=""#6f6f6f"">Instagram</font>",03 Oct 2020 07:00:00
65,https://news.google.com/rss/articles/CBMiNGh0dHBzOi8vd3d3Lmluc3RhZ3JhbS5jb20vd2lyZWR0b2h1bnQvcC9CLUtEN2RYSnFMWC_SAQA?oc=5,"Mark Kenyon | ‚ÄúIt‚Äôs not ours, it‚Äôs just our turn.‚Äù Those words from Doug Duren are true for all of us, but especially so for ... - Instagram","<a href=""https://news.google.com/rss/articles/CBMiNGh0dHBzOi8vd3d3Lmluc3RhZ3JhbS5jb20vd2lyZWR0b2h1bnQvcC9CLUtEN2RYSnFMWC_SAQA?oc=5"" target=""_blank"">Mark Kenyon | ‚ÄúIt‚Äôs not ours, it‚Äôs just our turn.‚Äù Those words from Doug Duren are true for all of us, but especially so for ...</a>&nbsp;&nbsp;<font color=""#6f6f6f"">Instagram</font>",25 Mar 2020 07:00:00
66,https://news.google.com/rss/articles/CBMiMWh0dHBzOi8vd3d3Lmluc3RhZ3JhbS5jb20vYXpkZXFnb3YvcC9DNTZLU19vT29BZi_SAQA?oc=5,Arizona DEQ | #HEADSUP - Harmful algal blooms have been spotted at Saguaro and Canyon Lakes in #AZ. If you are ... - Instagram,"<a href=""https://news.google.com/rss/articles/CBMiMWh0dHBzOi8vd3d3Lmluc3RhZ3JhbS5jb20vYXpkZXFnb3YvcC9DNTZLU19vT29BZi_SAQA?oc=5"" target=""_blank"">Arizona DEQ | #HEADSUP - Harmful algal blooms have been spotted at Saguaro and Canyon Lakes in #AZ. If you are ...</a>&nbsp;&nbsp;<font color=""#6f6f6f"">Instagram</font>",18 Apr 2024 07:00:00
67,https://news.google.com/rss/articles/CBMiN2h0dHBzOi8vd3d3Lmluc3RhZ3JhbS5jb20vYXVzdGludGV4YXNnb3YvcC9DZW9iRVJTbGRiMS_SAQA?oc=5,City of Austin | City scientists resumed biweekly monitoring of harmful algae in Lady Bird Lake and Lake Austin + have ... - Instagram,"<a href=""https://news.google.com/rss/articles/CBMiN2h0dHBzOi8vd3d3Lmluc3RhZ3JhbS5jb20vYXVzdGludGV4YXNnb3YvcC9DZW9iRVJTbGRiMS_SAQA?oc=5"" target=""_blank"">City of Austin | City scientists resumed biweekly monitoring of harmful algae in Lady Bird Lake and Lake Austin + have ...</a>&nbsp;&nbsp;<font color=""#6f6f6f"">Instagram</font>",10 Jun 2022 07:00:00
68,https://news.google.com/rss/articles/CBMiPGh0dHBzOi8vd3d3Lmluc3RhZ3JhbS5jb20vbWFyaW5lbWFtbWFsY2FyZS9yZWVsL0MzcTBwQmxQeGpPL9IBAA?oc=5,Marine Mammal Care Center | üåä Come behind the flippers on this livestream! Donate now on TalkShopLive (bit.ly ... - Instagram,"<a href=""https://news.google.com/rss/articles/CBMiPGh0dHBzOi8vd3d3Lmluc3RhZ3JhbS5jb20vbWFyaW5lbWFtbWFsY2FyZS9yZWVsL0MzcTBwQmxQeGpPL9IBAA?oc=5"" target=""_blank"">Marine Mammal Care Center | üåä Come behind the flippers on this livestream! Donate now on TalkShopLive (bit.ly ...</a>&nbsp;&nbsp;<font color=""#6f6f6f"">Instagram</font>",22 Feb 2024 08:00:00
69,https://news.google.com/rss/articles/CBMiNGh0dHBzOi8vd3d3Lmluc3RhZ3JhbS5jb20va2FseWFnZW4vcmVlbC9DcTNEM0ZzcHFpWC_SAQA?oc=5,"Kalyagen on Instagram: ""Blue green algae, or AFA, is a key active botanical ingredient used in STEMREGEN¬Æ. Let's ... - Instagram","<a href=""https://news.google.com/rss/articles/CBMiNGh0dHBzOi8vd3d3Lmluc3RhZ3JhbS5jb20va2FseWFnZW4vcmVlbC9DcTNEM0ZzcHFpWC_SAQA?oc=5"" target=""_blank"">Kalyagen on Instagram: ""Blue green algae, or AFA, is a key active botanical ingredient used in STEMREGEN¬Æ. Let's ...</a>&nbsp;&nbsp;<font color=""#6f6f6f"">Instagram</font>",10 Apr 2023 07:00:00
70,https://news.google.com/rss/articles/CBMiQmh0dHBzOi8vd3d3Lmluc3RhZ3JhbS5jb20vZnJpZW5kc29mdGhlZXZlcmdsYWRlcy9yZWVsL0M0ME9ZcW1yWWNIL9IBAA?oc=5,"Today is World Water Day, an annual day of observance created by the United Nations to advocate for the sustainable ... - Instagram","<a href=""https://news.google.com/rss/articles/CBMiQmh0dHBzOi8vd3d3Lmluc3RhZ3JhbS5jb20vZnJpZW5kc29mdGhlZXZlcmdsYWRlcy9yZWVsL0M0ME9ZcW1yWWNIL9IBAA?oc=5"" target=""_blank"">Today is World Water Day, an annual day of observance created by the United Nations to advocate for the sustainable ...</a>&nbsp;&nbsp;<font color=""#6f6f6f"">Instagram</font>",22 Mar 2024 07:00:00
71,https://news.google.com/rss/articles/CBMiRWh0dHBzOi8vd3d3Lmluc3RhZ3JhbS5jb20vY2FkZXBhcnRtZW50b2Z3YXRlcnJlc291cmNlcy9wL0M3cEdISUJLVHlCL9IBAA?oc=5,CA Dept. of Water Resources | One sign that the blue-green algae has become a Harmful Algal Bloom (HAB) is smell ... - Instagram,"<a href=""https://news.google.com/rss/articles/CBMiRWh0dHBzOi8vd3d3Lmluc3RhZ3JhbS5jb20vY2FkZXBhcnRtZW50b2Z3YXRlcnJlc291cmNlcy9wL0M3cEdISUJLVHlCL9IBAA?oc=5"" target=""_blank"">CA Dept. of Water Resources | One sign that the blue-green algae has become a Harmful Algal Bloom (HAB) is smell ...</a>&nbsp;&nbsp;<font color=""#6f6f6f"">Instagram</font>",31 May 2024 07:00:00
72,https://news.google.com/rss/articles/CBMiO2h0dHBzOi8vd3d3Lmluc3RhZ3JhbS5jb20vZW52aXJvbm1lbnRfY2FudGVyYnVyeS8_bG9jYWxlPWtv0gEA?oc=5,Environment Canterbury(@environment_canterbury) ‚Ä¢ Instagram ÏÇ¨ÏßÑ Î∞è ÎèôÏòÅÏÉÅ - Instagram,"<a href=""https://news.google.com/rss/articles/CBMiO2h0dHBzOi8vd3d3Lmluc3RhZ3JhbS5jb20vZW52aXJvbm1lbnRfY2FudGVyYnVyeS8_bG9jYWxlPWtv0gEA?oc=5"" target=""_blank"">Environment Canterbury(@environment_canterbury) ‚Ä¢ Instagram ÏÇ¨ÏßÑ Î∞è ÎèôÏòÅÏÉÅ</a>&nbsp;&nbsp;<font color=""#6f6f6f"">Instagram</font>",21 May 2024 17:07:20
73,https://news.google.com/rss/articles/CBMiPmh0dHBzOi8vd3d3Lmluc3RhZ3JhbS5jb20vZ2VvcmdpYXdhdGVyY29hbGl0aW9uL3AvQzZ3Qk1wdUpiMXov0gEA?oc=5,Georgia Water Coalition | HOT off the Presses! The 13th Dirty Dozen report highlights 12 of the worst offenses to ... - Instagram,"<a href=""https://news.google.com/rss/articles/CBMiPmh0dHBzOi8vd3d3Lmluc3RhZ3JhbS5jb20vZ2VvcmdpYXdhdGVyY29hbGl0aW9uL3AvQzZ3Qk1wdUpiMXov0gEA?oc=5"" target=""_blank"">Georgia Water Coalition | HOT off the Presses! The 13th Dirty Dozen report highlights 12 of the worst offenses to ...</a>&nbsp;&nbsp;<font color=""#6f6f6f"">Instagram</font>",09 May 2024 07:00:00
74,https://news.google.com/rss/articles/CBMiPmh0dHBzOi8vd3d3Lmluc3RhZ3JhbS5jb20vY2FwdGFpbnNmb3JjbGVhbndhdGVyL3AvQzJTV1BFNk9oVzcv0gEA?oc=5,üì¢ New study reveals the true cost of a Harmful Algal Bloom.‚Å† ‚Å† We partnered with @sccf_swfl and @conservancyswf ... - Instagram,"<a href=""https://news.google.com/rss/articles/CBMiPmh0dHBzOi8vd3d3Lmluc3RhZ3JhbS5jb20vY2FwdGFpbnNmb3JjbGVhbndhdGVyL3AvQzJTV1BFNk9oVzcv0gEA?oc=5"" target=""_blank"">üì¢ New study reveals the true cost of a Harmful Algal Bloom.‚Å† ‚Å† We partnered with @sccf_swfl and @conservancyswf ...</a>&nbsp;&nbsp;<font color=""#6f6f6f"">Instagram</font>",19 Jan 2024 08:00:00
75,https://news.google.com/rss/articles/CBMiKGh0dHBzOi8vd3d3Lmluc3RhZ3JhbS5jb20vcC9DdUFCT192TFhsQS_SAQA?oc=5,LACoFD Lifeguard Division | ***URGENT COASTAL ALERT*** LA County coastlines have been experiencing a large ... - Instagram,"<a href=""https://news.google.com/rss/articles/CBMiKGh0dHBzOi8vd3d3Lmluc3RhZ3JhbS5jb20vcC9DdUFCT192TFhsQS_SAQA?oc=5"" target=""_blank"">LACoFD Lifeguard Division | ***URGENT COASTAL ALERT*** LA County coastlines have been experiencing a large ...</a>&nbsp;&nbsp;<font color=""#6f6f6f"">Instagram</font>",27 Jun 2023 07:00:00
76,https://news.google.com/rss/articles/CBMiO2h0dHBzOi8vd3d3Lmluc3RhZ3JhbS5jb20vcGVucml0aF93aGl0ZXdhdGVyL3AvQ2VDNjdCdUpJUE4v0gEA?oc=5,"Penrith Whitewater üåäüí¶ | Update: The pumps are working, still with a little fine-tuning to be done. However, the blue ... - Instagram","<a href=""https://news.google.com/rss/articles/CBMiO2h0dHBzOi8vd3d3Lmluc3RhZ3JhbS5jb20vcGVucml0aF93aGl0ZXdhdGVyL3AvQ2VDNjdCdUpJUE4v0gEA?oc=5"" target=""_blank"">Penrith Whitewater üåäüí¶ | Update: The pumps are working, still with a little fine-tuning to be done. However, the blue ...</a>&nbsp;&nbsp;<font color=""#6f6f6f"">Instagram</font>",26 May 2022 07:00:00
77,https://news.google.com/rss/articles/CBMiOWh0dHBzOi8vd3d3Lmluc3RhZ3JhbS5jb20vbWFyaW5lbWFtbWFsY2FyZS9wL0MwSzQxT2hKTE9tL9IBAA?oc=5,üéâüì∫ Join us tomorrow LIVE on IG & FB for a GivingTuesday Celebration Release at (estimated) 8:30 am and Feeding ... - Instagram,"<a href=""https://news.google.com/rss/articles/CBMiOWh0dHBzOi8vd3d3Lmluc3RhZ3JhbS5jb20vbWFyaW5lbWFtbWFsY2FyZS9wL0MwSzQxT2hKTE9tL9IBAA?oc=5"" target=""_blank"">üéâüì∫ Join us tomorrow LIVE on IG & FB for a GivingTuesday Celebration Release at (estimated) 8:30 am and Feeding ...</a>&nbsp;&nbsp;<font color=""#6f6f6f"">Instagram</font>",27 Nov 2023 08:00:00
78,https://news.google.com/rss/articles/CBMiMmh0dHBzOi8vd3d3Lmluc3RhZ3JhbS5jb20vb3JjYW1vbnRoL3AvQzhMVWltaG8xMnAv0gEA?oc=5,Orca Month | Polluted stormwater runoff is the top source of toxic pollution to Puget Sound and its surrounding ... - Instagram,"<a href=""https://news.google.com/rss/articles/CBMiMmh0dHBzOi8vd3d3Lmluc3RhZ3JhbS5jb20vb3JjYW1vbnRoL3AvQzhMVWltaG8xMnAv0gEA?oc=5"" target=""_blank"">Orca Month | Polluted stormwater runoff is the top source of toxic pollution to Puget Sound and its surrounding ...</a>&nbsp;&nbsp;<font color=""#6f6f6f"">Instagram</font>",14 Jun 2024 01:00:16
79,https://news.google.com/rss/articles/CBMiNWh0dHBzOi8vd3d3Lmluc3RhZ3JhbS5jb20vZmFybWJlcnJ5LmNhL3AvQ2ludVhrR3BPdnMv0gEA?oc=5,"Farmberry on Instagram: ""Blue Spirulina is a blue-green-algae which grows in ponds, lakes and alkaline waterways ... - Instagram","<a href=""https://news.google.com/rss/articles/CBMiNWh0dHBzOi8vd3d3Lmluc3RhZ3JhbS5jb20vZmFybWJlcnJ5LmNhL3AvQ2ludVhrR3BPdnMv0gEA?oc=5"" target=""_blank"">Farmberry on Instagram: ""Blue Spirulina is a blue-green-algae which grows in ponds, lakes and alkaline waterways ...</a>&nbsp;&nbsp;<font color=""#6f6f6f"">Instagram</font>",17 Sep 2022 07:00:00
80,https://news.google.com/rss/articles/CBMiOmh0dHBzOi8vd3d3Lmluc3RhZ3JhbS5jb20vc2lsdmVyd29vZGxha2VzcmEvcC9DNjE2eHFjeTZEUy_SAQA?oc=5,Silverwood Lake SRA | Silverwood Lake is no longer under a algae advisory. Recent test results indicate that no toxins ... - Instagram,"<a href=""https://news.google.com/rss/articles/CBMiOmh0dHBzOi8vd3d3Lmluc3RhZ3JhbS5jb20vc2lsdmVyd29vZGxha2VzcmEvcC9DNjE2eHFjeTZEUy_SAQA?oc=5"" target=""_blank"">Silverwood Lake SRA | Silverwood Lake is no longer under a algae advisory. Recent test results indicate that no toxins ...</a>&nbsp;&nbsp;<font color=""#6f6f6f"">Instagram</font>",11 May 2024 07:00:00
81,https://news.google.com/rss/articles/CBMiRWh0dHBzOi8vd3d3Lmluc3RhZ3JhbS5jb20vY2FkZXBhcnRtZW50b2Z3YXRlcnJlc291cmNlcy9wL0M3MTZuTVlxN20zL9IBAA?oc=5,"CA Dept. of Water Resources | The California Water Plan contains a massive wave of information, so DWR is ... - Instagram","<a href=""https://news.google.com/rss/articles/CBMiRWh0dHBzOi8vd3d3Lmluc3RhZ3JhbS5jb20vY2FkZXBhcnRtZW50b2Z3YXRlcnJlc291cmNlcy9wL0M3MTZuTVlxN20zL9IBAA?oc=5"" target=""_blank"">CA Dept. of Water Resources | The California Water Plan contains a massive wave of information, so DWR is ...</a>&nbsp;&nbsp;<font color=""#6f6f6f"">Instagram</font>",05 Jun 2024 17:29:42
82,https://news.google.com/rss/articles/CBMiOGh0dHBzOi8vd3d3Lmluc3RhZ3JhbS5jb20vY2l0eW9mZGVsdG9uYWZsL3AvQzd3OEctLU52aDMv0gEA?oc=5,"City of Deltona | City Commission Meeting tonight at 6:30pm! If you cannot attend in person, you can watch live ... - Instagram","<a href=""https://news.google.com/rss/articles/CBMiOGh0dHBzOi8vd3d3Lmluc3RhZ3JhbS5jb20vY2l0eW9mZGVsdG9uYWZsL3AvQzd3OEctLU52aDMv0gEA?oc=5"" target=""_blank"">City of Deltona | City Commission Meeting tonight at 6:30pm! If you cannot attend in person, you can watch live ...</a>&nbsp;&nbsp;<font color=""#6f6f6f"">Instagram</font>",03 Jun 2024 19:06:31
83,https://news.google.com/rss/articles/CBMiQWh0dHBzOi8vd3d3Lmluc3RhZ3JhbS5jb20vZ2VvcmdpYXdhdGVyY29hbGl0aW9uL3JlZWwvQzZKUTRVSHR6U0Ev0gEA?oc=5,"LAST CALL, Y'ALL! Get your tickets for the Clean 13 Water Heroes Celebration (April 30) and Register for the GWC ... - Instagram","<a href=""https://news.google.com/rss/articles/CBMiQWh0dHBzOi8vd3d3Lmluc3RhZ3JhbS5jb20vZ2VvcmdpYXdhdGVyY29hbGl0aW9uL3JlZWwvQzZKUTRVSHR6U0Ev0gEA?oc=5"" target=""_blank"">LAST CALL, Y'ALL! Get your tickets for the Clean 13 Water Heroes Celebration (April 30) and Register for the GWC ...</a>&nbsp;&nbsp;<font color=""#6f6f6f"">Instagram</font>",24 Apr 2024 07:00:00
84,https://news.google.com/rss/articles/CBMiOWh0dHBzOi8vd3d3Lmluc3RhZ3JhbS5jb20vaHlkcmF0aW5nbWFtYS9yZWVsL0M3VVFvOHlwclRhL9IBAA?oc=5,high ticket sales | freedom | less toxic | martha youngblood | A recent study found that bottled water can contain 10 to ... - Instagram,"<a href=""https://news.google.com/rss/articles/CBMiOWh0dHBzOi8vd3d3Lmluc3RhZ3JhbS5jb20vaHlkcmF0aW5nbWFtYS9yZWVsL0M3VVFvOHlwclRhL9IBAA?oc=5"" target=""_blank"">high ticket sales | freedom | less toxic | martha youngblood | A recent study found that bottled water can contain 10 to ...</a>&nbsp;&nbsp;<font color=""#6f6f6f"">Instagram</font>",23 May 2024 07:00:00
85,https://news.google.com/rss/articles/CBMiL2h0dHBzOi8vd3d3Lmluc3RhZ3JhbS5jb20vY2RjZ292L3AvQ2t0b2QwTWd4Skgv0gEA?oc=5,"Centers for Disease Control | Rashes, nausea, and diarrhea were the most reported symptoms caused by harmful ... - Instagram","<a href=""https://news.google.com/rss/articles/CBMiL2h0dHBzOi8vd3d3Lmluc3RhZ3JhbS5jb20vY2RjZ292L3AvQ2t0b2QwTWd4Skgv0gEA?oc=5"" target=""_blank"">Centers for Disease Control | Rashes, nausea, and diarrhea were the most reported symptoms caused by harmful ...</a>&nbsp;&nbsp;<font color=""#6f6f6f"">Instagram</font>",08 Nov 2022 08:00:00
86,https://news.google.com/rss/articles/CBMiMmh0dHBzOi8vd3d3Lmluc3RhZ3JhbS5jb20vZmx3aWxkZmVkL3AvQzdSOHpiWHY2T0sv0gEA?oc=5,"Florida Wildlife Federation on Instagram: "" Unlocking the magic of nature for our little ones! Did you know that spending ... - Instagram","<a href=""https://news.google.com/rss/articles/CBMiMmh0dHBzOi8vd3d3Lmluc3RhZ3JhbS5jb20vZmx3aWxkZmVkL3AvQzdSOHpiWHY2T0sv0gEA?oc=5"" target=""_blank"">Florida Wildlife Federation on Instagram: "" Unlocking the magic of nature for our little ones! Did you know that spending ...</a>&nbsp;&nbsp;<font color=""#6f6f6f"">Instagram</font>",22 May 2024 18:16:08
87,https://news.google.com/rss/articles/CBMiQmh0dHBzOi8vd3d3Lmluc3RhZ3JhbS5jb20vZnJpZW5kc29mdGhlZXZlcmdsYWRlcy9yZWVsL0M3MVU3ZDJ1ckxVL9IBAA?oc=5,Friends of the Everglades | What makes LOSOM different from past Lake O management plans? Friends of the ... - Instagram,"<a href=""https://news.google.com/rss/articles/CBMiQmh0dHBzOi8vd3d3Lmluc3RhZ3JhbS5jb20vZnJpZW5kc29mdGhlZXZlcmdsYWRlcy9yZWVsL0M3MVU3ZDJ1ckxVL9IBAA?oc=5"" target=""_blank"">Friends of the Everglades | What makes LOSOM different from past Lake O management plans? Friends of the ...</a>&nbsp;&nbsp;<font color=""#6f6f6f"">Instagram</font>",03 Jun 2024 07:00:00
88,https://news.google.com/rss/articles/CBMiPWh0dHBzOi8vd3d3Lmluc3RhZ3JhbS5jb20vc3RlbWNlbGxjaHJpc3RpYW4vcmVlbC9DelUzbm56T0VGNy_SAQA?oc=5,Christian Drapeau | So‚Ä¶AFA blue-green algae can help boost NK cells for more immune defense? You read that right ... - Instagram,"<a href=""https://news.google.com/rss/articles/CBMiPWh0dHBzOi8vd3d3Lmluc3RhZ3JhbS5jb20vc3RlbWNlbGxjaHJpc3RpYW4vcmVlbC9DelUzbm56T0VGNy_SAQA?oc=5"" target=""_blank"">Christian Drapeau | So‚Ä¶AFA blue-green algae can help boost NK cells for more immune defense? You read that right ...</a>&nbsp;&nbsp;<font color=""#6f6f6f"">Instagram</font>",06 Nov 2023 08:00:00
89,https://news.google.com/rss/articles/CBMiOWh0dHBzOi8vd3d3Lmluc3RhZ3JhbS5jb20vbGlmZWFsaXZlY2FmZS9yZWVsL0NlMG52OG1sdnE3L9IBAA?oc=5,Life Alive Organic Cafe | The Ocean Blue latte gets its gorgeous color from the protein powerhouse blue-green algae ... - Instagram,"<a href=""https://news.google.com/rss/articles/CBMiOWh0dHBzOi8vd3d3Lmluc3RhZ3JhbS5jb20vbGlmZWFsaXZlY2FmZS9yZWVsL0NlMG52OG1sdnE3L9IBAA?oc=5"" target=""_blank"">Life Alive Organic Cafe | The Ocean Blue latte gets its gorgeous color from the protein powerhouse blue-green algae ...</a>&nbsp;&nbsp;<font color=""#6f6f6f"">Instagram</font>",15 Jun 2022 07:00:00
90,https://news.google.com/rss/articles/CBMiOmh0dHBzOi8vd3d3Lmluc3RhZ3JhbS5jb20vamVubnlzdG9qa292aWMvcmVlbC9Dem9obzdycHF5NS_SAQA?oc=5,"Jenny Stojkovic on Instagram: ""BREAKING: Florida becomes the first state in America to try to BAN #labgrownmeat ... - Instagram","<a href=""https://news.google.com/rss/articles/CBMiOmh0dHBzOi8vd3d3Lmluc3RhZ3JhbS5jb20vamVubnlzdG9qa292aWMvcmVlbC9Dem9obzdycHF5NS_SAQA?oc=5"" target=""_blank"">Jenny Stojkovic on Instagram: ""BREAKING: Florida becomes the first state in America to try to BAN #labgrownmeat ...</a>&nbsp;&nbsp;<font color=""#6f6f6f"">Instagram</font>",14 Nov 2023 08:00:00
91,https://news.google.com/rss/articles/CBMiNmh0dHBzOi8vd3d3Lmluc3RhZ3JhbS5jb20vcGxhc3RpY29jZWFucy9wL0M3NExNQVV1aGJZL9IBAA?oc=5,"Plastic Oceans International | We‚Äôre on a mission to spark a worldwide movement to rethink plastic, and film plays a ... - Instagram","<a href=""https://news.google.com/rss/articles/CBMiNmh0dHBzOi8vd3d3Lmluc3RhZ3JhbS5jb20vcGxhc3RpY29jZWFucy9wL0M3NExNQVV1aGJZL9IBAA?oc=5"" target=""_blank"">Plastic Oceans International | We‚Äôre on a mission to spark a worldwide movement to rethink plastic, and film plays a ...</a>&nbsp;&nbsp;<font color=""#6f6f6f"">Instagram</font>",06 Jun 2024 14:32:57
92,https://news.google.com/rss/articles/CBMiOWh0dHBzOi8vd3d3Lmluc3RhZ3JhbS5jb20vY2FsaWZvcm5pYXJpdmVycy9wL0M1V2l1UzJwMFVVL9IBAA?oc=5,Instagram - Instagram,"<a href=""https://news.google.com/rss/articles/CBMiOWh0dHBzOi8vd3d3Lmluc3RhZ3JhbS5jb20vY2FsaWZvcm5pYXJpdmVycy9wL0M1V2l1UzJwMFVVL9IBAA?oc=5"" target=""_blank"">Instagram</a>&nbsp;&nbsp;<font color=""#6f6f6f"">Instagram</font>",04 Apr 2024 07:00:00
93,https://news.google.com/rss/articles/CBMiOWh0dHBzOi8vd3d3Lmluc3RhZ3JhbS5jb20vcGxhc3RpY29jZWFucy9yZWVsL0M3ejk5ekF1QkZhL9IBAA?oc=5,Plastic Oceans International | Every day we are putting more pressure on the hydrological environment to meet the food ... - Instagram,"<a href=""https://news.google.com/rss/articles/CBMiOWh0dHBzOi8vd3d3Lmluc3RhZ3JhbS5jb20vcGxhc3RpY29jZWFucy9yZWVsL0M3ejk5ekF1QkZhL9IBAA?oc=5"" target=""_blank"">Plastic Oceans International | Every day we are putting more pressure on the hydrological environment to meet the food ...</a>&nbsp;&nbsp;<font color=""#6f6f6f"">Instagram</font>",04 Jun 2024 23:20:28
94,https://news.google.com/rss/articles/CBMiRmh0dHBzOi8vd3d3Lmluc3RhZ3JhbS5jb20vdGhlLnBzeWNob2xvZ2lzdC5udXRyaXRpb25pc3QvcC9DellnUnV6TGNkMC_SAQA?oc=5,"Colby | Psychology Coach | Spirulina is a blue-green algae that grows is warm, alkaline fresh waters around the world ... - Instagram","<a href=""https://news.google.com/rss/articles/CBMiRmh0dHBzOi8vd3d3Lmluc3RhZ3JhbS5jb20vdGhlLnBzeWNob2xvZ2lzdC5udXRyaXRpb25pc3QvcC9DellnUnV6TGNkMC_SAQA?oc=5"" target=""_blank"">Colby | Psychology Coach | Spirulina is a blue-green algae that grows is warm, alkaline fresh waters around the world ...</a>&nbsp;&nbsp;<font color=""#6f6f6f"">Instagram</font>",08 Nov 2023 08:00:00
95,https://news.google.com/rss/articles/CBMiOmh0dHBzOi8vd3d3Lmluc3RhZ3JhbS5jb20vZ3JlZW53YXRlcmxhYnMvcmVlbC9DMnN1LS1ZTUY5dC_SAQA?oc=5,Green Water Labs | Have you ever had blue-green algae in your tank? - Instagram,"<a href=""https://news.google.com/rss/articles/CBMiOmh0dHBzOi8vd3d3Lmluc3RhZ3JhbS5jb20vZ3JlZW53YXRlcmxhYnMvcmVlbC9DMnN1LS1ZTUY5dC_SAQA?oc=5"" target=""_blank"">Green Water Labs | Have you ever had blue-green algae in your tank?</a>&nbsp;&nbsp;<font color=""#6f6f6f"">Instagram</font>",29 Jan 2024 08:00:00
96,https://news.google.com/rss/articles/CBMiN2h0dHBzOi8vd3d3Lmluc3RhZ3JhbS5jb20vbGFyYXNoYW5ub24vcmVlbC9DNDczWXp3cDU5Ny_SAQA?oc=5,"larashannon | I‚Äôve seen many dogs go swimming in, or drink from, a body of water that is known to being contaminated ... - Instagram","<a href=""https://news.google.com/rss/articles/CBMiN2h0dHBzOi8vd3d3Lmluc3RhZ3JhbS5jb20vbGFyYXNoYW5ub24vcmVlbC9DNDczWXp3cDU5Ny_SAQA?oc=5"" target=""_blank"">larashannon | I‚Äôve seen many dogs go swimming in, or drink from, a body of water that is known to being contaminated ...</a>&nbsp;&nbsp;<font color=""#6f6f6f"">Instagram</font>",25 Mar 2024 07:00:00
97,https://news.google.com/rss/articles/CBMiSGh0dHBzOi8vd3d3Lmluc3RhZ3JhbS5jb20vY2FkZXBhcnRtZW50b2Z3YXRlcnJlc291cmNlcy9yZWVsL0M3elNqLUVLRWJRL9IBAA?oc=5,CA Dept. of Water Resources | During National Garden Week we're joining the amazing DWR Associate Landscape ... - Instagram,"<a href=""https://news.google.com/rss/articles/CBMiSGh0dHBzOi8vd3d3Lmluc3RhZ3JhbS5jb20vY2FkZXBhcnRtZW50b2Z3YXRlcnJlc291cmNlcy9yZWVsL0M3elNqLUVLRWJRL9IBAA?oc=5"" target=""_blank"">CA Dept. of Water Resources | During National Garden Week we're joining the amazing DWR Associate Landscape ...</a>&nbsp;&nbsp;<font color=""#6f6f6f"">Instagram</font>",04 Jun 2024 17:01:12
98,https://news.google.com/rss/articles/CBMiNmh0dHBzOi8vd3d3Lmluc3RhZ3JhbS5jb20vd2lnZ2xpbmd0YWlscy9wL0M4TFkwemlQUkNRL9IBAA?oc=5,Wiggling Tails Dog Daycare & Shop | Dear Gentle Reader‚Ä¶ Rumors are circulating around Wiggling Tails that the ... - Instagram,"<a href=""https://news.google.com/rss/articles/CBMiNmh0dHBzOi8vd3d3Lmluc3RhZ3JhbS5jb20vd2lnZ2xpbmd0YWlscy9wL0M4TFkwemlQUkNRL9IBAA?oc=5"" target=""_blank"">Wiggling Tails Dog Daycare & Shop | Dear Gentle Reader‚Ä¶ Rumors are circulating around Wiggling Tails that the ...</a>&nbsp;&nbsp;<font color=""#6f6f6f"">Instagram</font>",14 Jun 2024 01:37:42
99,https://news.google.com/rss/articles/CBMiMmh0dHBzOi8vd3d3Lmluc3RhZ3JhbS5jb20vb3JjYW1vbnRoL3AvQzcyRTlycXYtY00v0gEA?oc=5,"Orca Month | Continuing with our previous post, ‚Äútoxics vs. toxins‚Äù, Orca Action Month will be focusing today on ... - Instagram","<a href=""https://news.google.com/rss/articles/CBMiMmh0dHBzOi8vd3d3Lmluc3RhZ3JhbS5jb20vb3JjYW1vbnRoL3AvQzcyRTlycXYtY00v0gEA?oc=5"" target=""_blank"">Orca Month | Continuing with our previous post, ‚Äútoxics vs. toxins‚Äù, Orca Action Month will be focusing today on ...</a>&nbsp;&nbsp;<font color=""#6f6f6f"">Instagram</font>",05 Jun 2024 07:00:00
